{
    "containers": [
        {
            "name": "krnl_vadd", 
            "meet_system_timing": "true", 
            "accelerators": [
                {
                    "name": "krnl_vadd", 
                    "check_timing": "true", 
                    "PipelineType": "none", 
                    "check_latency": "false", 
                    "check_warning": "true", 
                    "loops": [
                        {
                            "name": "vadd1", 
                            "PipelineII": "1"
                        }
                    ]
                }
            ]
        } 
    ]
}
